Feature1,Feature2,Class,is_outlier
0.06345971293449812,45499.681917154856,0,False
0.27220485089126656,11427.645996421543,0,False
0.08372059567944104,-6622.0433005077575,0,False
0.16054857021523264,22046.832299305544,0,False
0.05181200840634616,66488.83104585532,0,False
0.17953138750937833,1078.6819145752706,0,False
0.101822227020119,19214.88994376401,0,False
0.5003147856503029,17744.14411006699,0,False
0.25462346325921176,10219.005812744652,0,False
0.27086786327294876,11277.278470958146,0,False
0.09991314171308266,22711.498031401334,0,False
0.333473334911353,28673.04399486773,0,False
0.11970001891632237,23317.878962537023,0,False
0.23953029942957116,21145.537379777692,0,False
0.1545020568118052,34006.645638196875,0,False
0.2912419484724393,21330.67960477082,0,False
0.17227411208808324,20768.734676006556,0,False
0.1488401734777701,17160.537359017988,0,False
0.11046357523730217,-1788.2897606070292,0,False
0.10481921450181014,44363.574292605634,0,False
0.35650690564642223,35894.24152904295,0,False
0.16877445387546863,15588.456422332772,0,False
0.31214791186863144,26136.985281751156,0,False
0.21641830621733313,22836.15595262162,0,False
0.21175167810893092,25454.911436153856,0,False
-0.02201737541884702,22989.042986120658,0,False
0.3490276541989379,19108.78188114711,0,False
0.15222864881398349,15317.230991817349,0,False
-0.0863705653683092,-4186.155167105699,0,False
0.2517004269733309,63485.592966221775,0,False
0.05397960277552315,12086.244150976232,0,False
-0.08301321524122104,32066.199042587818,0,False
0.06413844431170854,30915.065432210176,0,False
0.32285860958768675,21810.047762109258,0,False
-0.026276823220475337,15630.950254822077,0,False
0.09823077730405902,27907.25109274188,0,False
0.21254146583738376,24161.402470341578,0,False
0.4640198268327983,21298.475337247266,0,False
-0.0877285215364054,22213.558565106443,0,False
-0.04358976925840152,1766.4163032472788,0,False
0.15094216177343958,30932.361135326824,0,False
0.07714180696123699,-20970.551047060042,0,False
0.0995853714223281,7438.650892183052,0,False
0.047712185330830825,-13480.963345446617,0,False
-0.028960281807731525,4811.773288265245,0,False
0.3189765520930634,34758.38340850735,0,False
0.20705437589910197,9145.095594243347,0,False
0.09324274435715635,71978.0458595388,0,False
0.1213186180924169,10324.049608235138,0,False
0.3985198510835858,31472.18702485697,0,False
0.14937980733315936,16925.72453348557,0,False
0.07479220763365341,35919.106583902016,0,False
0.28125866022795976,5511.70476476307,0,False
0.1302563057261103,23899.22526801287,0,False
0.191571319691855,10990.76934501309,0,False
-0.08566173800082422,8395.620978177336,0,False
0.1034660423695232,44756.14154089953,0,False
0.2293985376233265,13851.66611934983,0,False
0.14594869828053544,36461.10507908963,0,False
0.09487956686727878,23991.691998602295,0,False
0.1280924077326098,23639.85686388838,0,False
0.08392398680306128,12056.672891690207,0,False
0.41600678231540045,9006.410553275315,0,False
0.252741698213539,27439.304084410647,0,False
0.2500958527167971,32244.084630853635,0,False
0.25161133412165704,28128.512380520016,0,False
0.1380549796491075,17700.217549500885,0,False
0.2230678356751714,15617.078924510566,0,False
0.036641322681071384,26105.37248477617,0,False
0.24971086400707182,8610.342456413253,0,False
0.05186795788498866,14049.437697432328,0,False
0.09845818875094076,-17861.11688434201,0,False
0.16879257238753062,6300.932590430719,0,False
0.16894852336913824,47719.9632125674,0,False
0.2812959584032758,-3141.776296259366,0,False
0.06209395033146213,24109.83071308684,0,False
0.28377920417892066,33437.93896187019,0,False
0.2868873308054577,33989.21338107243,0,False
0.08054170495441204,13822.942765991125,0,False
0.1472965472135324,22203.132380298986,0,False
0.05422623993883488,-2357.799343316783,0,False
0.12026943758537884,52754.53704735749,0,False
0.25203409378286745,11953.673955668102,0,False
0.20559487069690696,-486.9787648513302,0,False
0.08953571776804486,44200.958370932436,0,False
0.10125284600283091,34730.28413982843,0,False
-0.023690149971001273,17212.90365555079,0,False
0.11079631830434937,31984.019035031994,0,False
0.06665367932639023,18417.46265300407,0,False
0.3043745788775626,33028.549181775226,0,False
0.11062982465740667,20446.863463536047,0,False
0.06653251736607851,26443.220058584633,0,False
0.20434679045505366,55933.50642609554,0,False
0.13367878493413757,11697.233508900623,0,False
0.1534742081199173,-4316.885982273736,0,False
0.19917938119434314,7306.202194502637,0,False
0.16262970790163966,13402.03477341207,0,False
-0.021620566272115366,12425.896880133032,0,False
0.03124052126190953,25101.43850071309,0,False
-0.09349265496159248,2407.024054543108,0,False
0.25145568591292555,5465.04316950507,0,False
0.11422838450087777,31533.798812787405,0,False
0.2611582140645548,29250.550094236693,0,False
0.24972205768829137,25627.942695431193,0,False
0.10450098360165197,18383.9000473117,0,False
0.051803254953542946,32194.513531521116,0,False
0.11152771724905278,-5387.526854114512,0,False
0.10477368144546488,42393.47438394748,0,False
0.19934212807956003,26197.48212894641,0,False
0.13606556998084932,620.9093684275686,0,False
0.08872720686765548,-13355.164443467154,0,False
0.09405461503284598,15296.293326924759,0,False
-0.11326131767933958,35408.778651554654,0,False
0.2827059952569271,20373.22704066216,0,False
0.2513424701766093,29386.110121910155,0,False
0.1664700118385935,8935.588628443755,0,False
-0.04984131755843957,46257.86830177726,0,False
0.19596486531697094,3538.6879557752945,0,False
0.3231714702287256,20407.256969466955,0,False
0.2227628173173548,5261.177102707081,0,False
0.11523688737899099,16246.68057917911,0,False
0.08772977631254048,8616.793865887648,0,False
0.16633407135538653,33072.52584349551,0,False
0.07528340690031113,55178.82791305086,0,False
0.32656123213259936,-6605.241610923011,0,False
0.17561288429241154,10922.501482934349,0,False
0.24831989041490365,35995.1490715062,0,False
0.06089535042588938,37312.209350128745,0,False
0.28932129616116264,-6756.548657397641,0,False
-0.034260045616289675,50860.41756029581,0,False
0.08635478852998245,-12428.640931411344,0,False
-0.00699777181847297,31839.809226312245,0,False
0.15490786789494868,22675.676861123062,0,False
0.26932287909863756,22038.754177454917,0,False
0.08578118575267778,-3090.78924288449,0,False
0.126295222846621,3319.6213108467346,0,False
0.16494157814165358,-2351.452498607785,0,False
0.2771183278391237,28351.845227596747,0,False
0.1357206546638962,28917.740154166415,0,False
-0.041068946023603836,39837.62452892783,0,False
0.1550360806418036,21422.856618169804,0,False
0.13337029425085367,8594.40471447688,0,False
0.21488872787668378,18956.7706332348,0,False
0.19598580742900962,22964.044508124105,0,False
0.163012744605144,14056.413314915828,0,False
0.14272266537615905,6588.221254436199,0,False
-0.06597124543266913,30653.671710040748,0,False
0.27211936814838905,-1577.7266840911943,0,False
0.10452679349037583,29219.36503384958,0,False
0.09669126863326463,36592.11242181515,0,False
0.11111285503634785,16066.839913349071,0,False
0.1004179057647138,23356.216455789498,0,False
0.24870336391557546,1208.211376044128,0,False
0.14671018713874234,13330.012388756684,0,False
0.17456139030235762,47512.88628753292,0,False
-0.005590976074471121,15956.739731564161,0,False
0.12685482215119623,10655.555750320884,0,False
0.1243635050391169,35187.161901132575,0,False
0.23541014061492674,16600.807985247335,0,False
0.2749924279314052,-13451.21926758813,0,False
-0.029117572617498894,36297.036170696054,0,False
-0.07540082927926631,1953.0302692171135,0,False
0.2853957137586052,38605.019481805044,0,False
-0.0745321827964073,30467.14061074383,0,False
0.15136834612440528,891.0819789213165,0,False
0.14726717254049243,7855.6473670256455,0,False
0.18358781031683738,3252.2644318715247,0,False
0.18156619968745974,33401.73510139298,0,False
0.12431554660665861,4038.6574560113586,0,False
0.4291007188605579,5970.432440684688,0,False
0.46925068736295916,7508.111082075513,0,False
0.29141745718925605,18320.91060781473,0,False
0.22902789539528295,24309.74753821538,0,False
0.11868366194390262,7048.824422538179,0,False
0.1533898295313916,46942.05921044476,0,False
0.24086535350292243,-11508.426730206906,0,False
0.37416335264994094,35772.89155292472,0,False
0.14611341017704643,16876.519984807688,0,False
0.046913332823114426,22389.24608650028,0,False
0.24326227114379284,-5126.44810633572,0,False
0.21841950783659098,18445.77999674813,0,False
0.15994907147812482,32653.575256681645,0,False
0.12335701612077066,-17268.388315499928,0,False
-0.0064421779108517485,24028.073397119748,0,False
0.42409723792548015,15173.292658303239,0,False
0.19922542414071387,26155.864860000307,0,False
0.14175292169182013,14912.293854864405,0,False
0.2352543904611821,49354.54956538779,0,False
0.2834786001014678,26733.304928322807,0,False
0.23099208163557927,16734.560694050404,0,False
0.2773543643361238,24655.383614613398,0,False
0.07639188086785843,-633.7951783150747,0,False
0.17279809996333106,29431.447676351912,0,False
0.09189335918238298,6541.624280861877,0,False
0.20333954703969787,38217.78488741955,0,False
-0.033352112246759824,44922.211773426774,0,False
0.08075004931560484,23669.505319918328,0,False
0.19224356165677833,42642.27423902633,0,False
0.0035581036150652,-2657.8506296593805,0,False
0.08708357078027001,34456.92634507065,0,False
0.3102431085453644,498.795317351578,0,False
0.2281632568794667,17005.263260696316,0,False
0.19417495112586264,15890.546983923683,0,False
0.18247993550096941,24484.430320393178,0,False
0.2673726869428079,2270.086302343123,0,False
0.25825168489412453,17684.329631832028,0,False
0.23931742545678497,34168.89999835084,0,False
0.3832952485694925,-14399.303678916738,0,False
0.17656509921423197,27468.506960142146,0,False
0.20058662341814895,-2969.428831838577,0,False
0.1264332223704843,10138.239739024284,0,False
0.08514764269488706,22156.922541110784,0,False
0.20130175708048306,43261.85230343009,0,False
0.009365007286656374,44957.06686311356,0,False
0.14906173013337948,33637.27960404639,0,False
0.22288445442639945,43754.37795603811,0,False
0.13177964439174344,22385.358780171635,0,False
0.3082940166815048,7973.7854998704315,0,False
0.187117846329637,21311.236154074613,0,False
0.11277814399557604,30280.07129695388,0,False
0.0773267975849446,26905.48057331397,0,False
-0.004423454536029242,14107.684726019554,0,False
0.35103104180476585,10806.512342582437,0,False
0.1477124692944623,26736.48479097466,0,False
0.22836848410720384,-1236.2237472040724,0,False
0.040814836246690425,36570.2838371246,0,False
0.24638628201449242,27158.110003271402,0,False
-0.1281533080497214,6503.250133099928,0,False
0.17230316629622852,37042.98467069148,0,False
0.24842978950916447,22595.770163138746,0,False
0.07957413186824487,46340.87413816844,0,False
0.14067913933736134,5956.468147581925,0,False
0.3064177283671895,47955.76967941099,0,False
0.2073152313391219,22583.664800505987,0,False
0.22933218244997094,24691.20341748095,0,False
0.1036309302737475,30490.6352694792,0,False
0.28770758718277634,38120.36509897573,0,False
0.1759877375157624,6037.788533705383,0,False
0.2712565118306528,30647.26718539049,0,False
0.13244821570198323,6765.288489259225,0,False
0.06309022159000437,43916.073123673785,0,False
0.10313296390131141,8793.505888384372,0,False
0.3384526890119391,-978.9367926748128,0,False
0.1947100155904245,18865.293247994145,0,False
0.12521544697826012,13384.30847078296,0,False
0.11479116298061243,17869.171808400275,0,False
0.20470629487331823,5155.11324938578,0,False
0.045793871372345196,17444.005903055167,0,False
0.043626926746832315,-4436.731184953944,0,False
0.05348885874174335,3064.078546190023,0,False
0.1138774539938332,-4989.57943625428,0,False
0.17119252791001982,34860.92230539619,0,False
0.0765303071986383,6297.270460048956,0,False
0.23123691152143055,8305.811838013266,0,False
0.33479046627892206,2363.305399866371,0,False
0.5140881304892829,16397.74697421004,0,False
0.2881990547641673,38259.65942915173,0,False
0.17409943161562233,5303.896580811515,0,False
0.18003997484174822,21153.002841738555,0,False
0.1400074775895694,21482.703235621553,0,False
0.18851314771631866,25457.505096069082,0,False
0.29702306552849367,17853.302184343636,0,False
0.29776817222399754,-3882.2038058037797,0,False
0.18572448240242606,15196.93502688265,0,False
0.17473419981491178,11943.103095358343,0,False
0.13046001049022982,18092.87122545944,0,False
0.23438194118125188,46974.956295001844,0,False
0.20945200453947999,-11057.388425673598,0,False
0.16231186979944665,-9886.845138529028,0,False
0.1903920638573951,19874.728909052235,0,False
0.34800840190317894,14197.227408948103,0,False
0.07291822068454168,273.07713258871445,0,False
0.12243086415690199,36984.049373515154,0,False
0.07828607342981579,23965.967692351012,0,False
0.16310044945793367,46789.83700698387,0,False
0.13202052948335438,8160.482132754978,0,False
0.05059091652082025,9722.484389588877,0,False
0.16589119044358241,51544.919031696074,0,False
0.16569906335580115,21716.690855498342,0,False
0.146290538859729,17003.375807713805,0,False
0.2147005096425806,2305.7236668405567,0,False
0.10827495792190109,-722.9947724223202,0,False
0.09690849865073714,48924.63033605197,0,False
0.11213932973363355,24685.60742514094,0,False
0.3413136107544911,27409.3312984881,0,False
0.04412662573804606,1406.5300072053724,0,False
0.15426948080815722,25685.25199261104,0,False
0.29511428758271785,33708.32322091837,0,False
0.33210302583160434,-6018.12840458794,0,False
-0.039591021177037306,-18024.819550610133,0,False
0.07798511379543549,6585.4050266938975,0,False
0.13613429761488222,32665.782157583453,0,False
-0.0149519357538348,-27459.731285051945,0,False
0.3277383975258715,25134.159987298648,0,False
0.19536754320125488,14442.115997851575,0,False
-0.032440351548641305,36789.13151414025,0,False
0.20249411385790367,15283.02929440133,0,False
0.2488997244497739,27784.96949625093,0,False
0.33407311659774175,15767.916085873236,0,False
-0.025954695643722075,39051.42070801328,0,False
0.14469421190040033,11478.183969372645,0,False
0.37322663717394133,16354.72368480322,0,False
0.2033955917492749,19446.956330865145,0,False
-0.014964576661820744,18525.39349779885,0,False
-0.06320524242226985,6263.023498266291,0,False
0.39488163028834145,-16562.51175271564,0,False
0.19566126097745745,42645.904813858695,0,False
0.14827288256042526,44768.039197334474,0,False
0.2539914454819951,6734.04808129825,0,False
0.0469874954566437,44197.49658701137,0,False
0.16260715151125502,24227.90297175529,0,False
-0.16084355054649738,24480.410533785995,0,False
0.2315545386540489,-2246.4911751829095,0,False
0.25300885241137777,6000.988334683212,0,False
0.10820010615297712,-19282.159729015926,0,False
-0.026952145559017482,24130.2522683858,0,False
0.16804762729892544,436.35553850012,0,False
0.2313468151839423,12774.807747830328,0,False
0.17371915609021824,9346.508246242438,0,False
0.12506126291717812,30756.690179462377,0,False
0.13766238186005472,20628.986640408097,0,False
0.12114397049895927,13416.09954961482,0,False
-0.060949153753304064,-9092.854034371616,0,False
-0.08499774657353193,33586.16144246843,0,False
-0.09893672302485954,6301.546188391138,0,False
0.060651129078072505,9578.382085307736,0,False
0.1567754415617017,13740.167505935658,0,False
0.06413673542878436,8035.703643463286,0,False
0.18779258812021063,50626.61977064429,0,False
0.24403025646115822,35329.35773593723,0,False
0.12472915287280954,30981.322273738562,0,False
0.03014200859478325,18205.349517296327,0,False
0.1498614895954109,15067.710111837761,0,False
0.019085722398815674,1089.9143434031175,0,False
0.2515981998609559,22309.612817189693,0,False
0.22236247513333526,5560.871476881886,0,False
0.1757677348514019,35350.73063710967,0,False
0.029915039726781306,55222.24561513969,0,False
0.11169216797481231,31914.083008318892,0,False
0.3495008739719403,3694.893004091731,0,False
0.15072405717831244,26586.68126669942,0,False
0.1461096941472862,761.088227673532,0,False
-0.054872795627128296,27942.512267906182,0,False
0.12837502246844973,-7147.547680588632,0,False
0.2764230113531009,32887.43053357791,0,False
0.2760464378656415,39469.733637570695,0,False
0.21082258604867765,8636.001512551178,0,False
0.07798729463516513,8522.008660112298,0,False
0.08144253929877711,13700.812800877502,0,False
0.09486089290386049,13311.97558439079,0,False
0.13510912238186157,30566.72632106291,0,False
0.059681018891549475,50689.574897106635,0,False
0.054742326571588465,17300.130258083263,0,False
0.2970148901855556,26190.44172814276,0,False
0.031934537875403735,41422.00587966746,0,False
0.17625048330903287,29626.98093586119,0,False
-0.051376251293431735,23564.199922460735,0,False
0.4313753007743726,27618.18572634446,0,False
0.18893569613355585,-1974.9645801355364,0,False
0.16483758743097016,28494.558733626138,0,False
0.2029286287547732,6662.544437860108,0,False
0.2452160154701794,20580.013949566273,0,False
0.06069821616127215,15301.377630716232,0,False
0.10383365892576325,77163.04290739732,0,False
0.12809338743003754,41721.96985651074,0,False
0.19338809097295812,13805.591369949452,0,False
0.16350436081496383,10679.071659586563,0,False
-0.04386581827300229,41248.636346767904,0,False
0.1812788640933522,34558.550731029914,0,False
0.148191164000851,21347.546133528755,0,False
0.20419178570591562,49916.00996812082,0,False
0.05981423420328437,16565.122936672775,0,False
0.07586473910017737,11162.828549459231,0,False
0.1956886413837651,18343.18841015674,0,False
0.04466275126724323,42855.77392382907,0,False
0.1852357883229369,34174.93105783111,0,False
0.0849988388667395,5579.837907482901,0,False
0.037190897975903484,29483.8324836499,0,False
0.12820583532418744,22356.281568110688,0,False
0.10804520746386015,11959.635091407014,0,False
0.11537097525711185,23650.92859264454,0,False
0.15720123512636955,16129.69709893699,0,False
0.16310239595269999,19634.932870779518,0,False
0.32625010470135607,4101.804052716692,0,False
0.22102814738590543,51469.13091102264,0,False
0.17675624192085296,33331.18496728588,0,False
0.17614952943737028,-8478.568118358377,0,False
0.005889286277410893,11031.568821561372,0,False
0.32959340031489404,24940.62617261316,0,False
0.4093403012410093,15997.775840452075,0,False
0.17296707368626002,30455.875583065543,0,False
-0.11760369775409632,-15243.871443848046,0,False
0.16810388018254785,9564.463549483336,0,False
0.24597955536478971,52306.57717969706,0,False
0.19042277797191043,11544.54713924982,0,False
0.18411274485190837,6726.962524881852,0,False
-0.004209830341189658,20813.514905840384,0,False
-0.20726694165334167,16153.457116705302,0,False
0.003148734279367682,33704.88183736543,0,False
0.10061916349174,14345.399410940525,0,False
0.05973254210441946,16769.04655821767,0,False
0.10803065063133924,4997.450117205119,0,False
0.2664708634356975,20298.281186252938,0,False
0.07728507727450946,22249.579110822204,0,False
0.12692418500831515,15108.159923873953,0,False
0.09423225524661061,9906.944786331907,0,False
0.20148087046791083,7897.740837482763,0,False
0.12703360692672375,3334.336212062317,0,False
0.1191205257817498,15394.379400890477,0,False
0.1372195594042394,20256.909933321607,0,False
0.23851577426955978,35527.982542279504,0,False
0.2230454814229044,1030.9488684423668,0,False
0.3484495681987373,28147.758782224257,0,False
0.21208234667215925,37655.89962873767,0,False
0.4242624428314645,57743.91446680881,0,False
0.0177097236867286,10805.502895179327,0,False
0.1366686505138216,2045.3833741130766,0,False
0.1529094475111431,14309.76744267145,0,False
0.12236964275564685,54939.04641352146,0,False
0.09779648857100881,68937.68507661845,0,False
0.38533936232333366,17368.701932656117,0,False
0.38226278070883524,44717.60070419988,0,False
0.5025248496476503,14642.573194746765,0,False
0.14456882171553243,6622.850126017956,0,False
0.40130044653087593,3039.2381622047687,0,False
0.19487122725406958,35093.24144611474,0,False
0.3242897706255652,36661.485488157705,0,False
0.184024549511775,-24422.07435311529,0,False
0.13631637540614644,6348.055134956494,0,False
0.15543234043650525,48309.44879173468,0,False
0.027406499801137393,-9885.486852304974,0,False
0.15664339967895446,35870.31014266418,0,False
0.08341720654954866,3747.2423778942757,0,False
0.09408678856318545,18095.07243541714,0,False
0.07105366195704807,7076.844281987873,0,False
0.28239660829992,20620.02364783644,0,False
0.1673456396993483,51818.04497269742,0,False
-0.17690055916571848,17237.503679747777,0,False
0.04970959663267925,7354.0267960725905,0,False
0.12989023706098796,24864.85126529474,0,False
0.25353086900287813,27215.57858232054,0,False
0.2525212223404454,5761.155858395216,0,False
0.09955727472652792,23654.279183525847,0,False
0.18748093099776456,-9662.845954118671,0,False
0.28970624746321855,-3403.851667914776,0,False
0.06835297238489157,14233.848785453938,0,False
0.2796043389397884,6507.034538166714,0,False
0.16123234623130217,17643.85799411637,0,False
0.3158566357428687,11573.140164309014,0,False
0.026897739520600178,15078.880740852735,0,False
0.17623401579816955,14916.920147293824,0,False
-0.053444249755129236,50773.84862620777,0,False
0.25067297375980285,24600.35599461483,0,False
0.06979507611133173,36122.78243402917,0,False
0.5881836103999643,-21158.874577103714,0,False
0.056728178653132066,11726.581993930664,0,False
0.16760251502255152,-2326.088581368069,0,False
0.14971182524960097,20560.94829972084,0,False
0.2825565479583295,31867.421436154204,0,False
0.13470540872955333,11767.853504849254,0,False
-0.0089987872139759,41136.80313380824,0,False
0.12102702825171321,8280.808507692618,0,False
0.13675375250107566,3893.077553278801,0,False
0.06565986244036091,29850.19404056406,0,False
0.4669412625237993,8720.794227647548,0,False
0.23178879947760145,33931.43993534423,0,False
0.19200583289559356,10730.687854937389,0,False
0.02512416989649424,39433.043870950336,0,False
0.3228608636765108,333.3603244079204,0,False
-0.06400055461075252,35419.78853026243,0,False
0.29878503406230494,-4390.028578236797,0,False
0.12235028710265766,26691.72109511292,0,False
0.1806988975192061,23013.952026417206,0,False
0.0702772542151144,25331.251273424794,0,False
0.09297515566412813,20433.937602422924,0,False
0.35049975142570167,9960.036178955394,0,False
0.11986789496037745,6422.139170526814,0,False
0.29106349745202864,3980.6447746441972,0,False
0.21397268882974338,61610.260424518405,0,False
-0.04965888032676058,41867.78919737717,0,False
0.00037935646340653273,24548.41911265352,0,False
-0.08816341019976909,8033.226654657452,0,False
0.1792488123854779,13884.553561703171,0,False
-0.11391486794484687,-1972.783144998728,0,False
0.24946133396796857,22071.362478523635,0,False
0.048771713761380314,6229.122217533153,0,False
0.3630653691698021,11563.96198384455,0,False
0.1993588888093848,5198.925056727388,0,False
0.1730925074331507,15626.366245330511,0,False
0.02695414404543134,29876.78130042584,0,False
0.025329300347184225,-13009.962535700222,0,False
0.07006385642717362,12274.289939130605,0,False
0.13279643309235073,16421.709845244182,0,False
0.10410264112189538,22525.58802033783,0,False
0.06964262067629387,27101.932560759822,0,False
0.12359363356565078,27749.069809783712,0,False
-0.09212110120458183,10988.791196989556,0,False
-0.10656400619465414,41404.51796150119,0,False
0.23881020230565908,5556.9030560019455,0,False
0.1321664860774024,9819.567393485675,0,False
0.4144760071265405,39454.85735925573,1,False
0.6901991239399704,49022.24645980642,1,False
0.3228506489398578,79102.83268377211,1,False
0.6479951050566694,30567.106772151303,1,False
0.45682571847345277,51595.38138457242,1,False
0.6250499946086607,77811.93550410465,1,False
0.4084691432251151,33642.24754499628,1,False
0.47648775829323475,34538.38168372601,1,False
0.3216166357958097,57993.76166699373,1,False
0.5805339439465668,53882.88119283552,1,False
0.47040741466664715,31671.41331632144,1,False
0.516614311492862,38963.73303226019,1,False
0.6568591409256473,47890.45283207012,1,False
0.6695117585664108,53515.0579488821,1,False
0.5807128420450163,43106.586509361514,1,False
0.5296758211597942,18070.93302733144,1,False
0.6351170326774225,69334.81203578021,1,False
0.4103289955183628,44524.76992108869,1,False
0.34183205460952204,45441.06510477123,1,False
0.6274483266903239,77180.52017658288,1,False
0.7010592730357817,27420.87566161119,1,False
0.5919346349952709,52829.68967423016,1,False
0.6202505967022595,16391.82785362569,1,False
0.5820535949576994,44896.473212820725,1,False
0.47246343776046446,31766.561972774027,1,False
0.458063698971549,23881.493719163125,1,False
0.2523187196717474,31233.773031279845,1,False
0.3417721177750938,63611.2044157545,1,False
0.6678539510921204,32640.148023044654,1,False
0.5904641710567325,28174.18269773382,1,False
0.38062037537162,63947.20770250343,1,False
0.2795384470122323,28330.81998082162,1,False
0.6881443967296175,39759.86195733398,1,False
0.5237450874798493,75315.30314760706,1,False
0.450261183048363,41878.54859514804,1,False
0.4635998533946199,39953.96459809084,1,False
0.6821841142634683,42429.071335575936,1,False
0.5539513074110118,32928.497676908955,1,False
0.6033467648298474,42486.30353086379,1,False
0.5061412416880263,57750.54295518143,1,False
0.5743845773823549,46770.348700972936,1,False
0.8541961717289164,54802.2831232746,1,False
0.6356048884090141,41330.32370907971,1,False
0.3612699519698188,65881.02581040932,1,False
0.5491216623342375,54993.075717964646,1,False
0.5172826196163789,75164.68881998165,1,False
0.42224411681223767,56550.085101486424,1,False
0.4698695171423092,68834.43485773914,1,False
0.3493487163837522,16462.345082246073,1,False
0.19360554761296295,32059.89348326042,1,False
0.599606956318797,54513.1656295526,1,False
0.5685547446394268,37860.93056496925,1,False
0.6751977404911851,60001.67831831494,1,False
0.3241686790404057,35109.92313085651,1,False
0.5277526151105753,12777.186596483261,1,False
0.5942859597116302,41534.447915719094,1,False
0.42418161464141796,26497.310454074857,1,False
0.5035117666764883,16598.192320862676,1,False
0.6009406497073823,31092.57573805309,1,False
0.5504819760659511,58133.73015976742,1,False
0.5412888141460928,42496.99395742505,1,False
0.7518965075337636,60110.728419727595,1,False
0.4034651959522006,59227.666043399,1,False
0.7231751600856213,55801.058226904104,1,False
0.5750481313048652,80721.91404204706,1,False
0.5574453771614557,36512.7594741753,1,False
0.37101804717707526,52107.19261343463,1,False
0.3977170643300114,31487.508634561556,1,False
0.49620899055119316,33072.91798763108,1,False
0.6388257986438979,43628.10342887914,1,False
0.4588584195785498,50663.573444914815,1,False
0.1983691149553541,19727.863558872952,1,False
0.26241727310135454,37141.49184685007,1,False
0.5516485319946001,35437.78601224773,1,False
0.5361187654548876,61613.73651447492,1,False
0.3769362812805697,23770.775950347215,1,False
0.596027899344653,50134.36923187953,1,False
0.5089766998432196,38486.12486277906,1,False
0.53133071982553,57048.112067624956,1,False
0.5847863389744226,55541.72118868286,1,False
0.4601400419841837,79476.90982364843,1,False
0.47419928104168985,61129.9788445718,1,False
0.5275229184046729,64882.63040486819,1,False
0.5534294788998507,75169.45513919773,1,False
0.3813321918605711,85924.28994880547,1,False
0.42712671933666757,70042.19226140251,1,False
0.18165128257957303,38778.498846461596,1,False
0.5480439449777341,30073.754091024253,1,False
0.7836022001199101,39909.222169995985,1,False
0.486424743633546,81670.98817557999,1,False
0.6032570803190537,51797.70090921355,1,False
0.36341928813141955,44304.266644738804,1,False
0.3290038593064618,45679.30798732952,1,False
0.3662938242939724,66840.92158885389,1,False
0.5837031121328659,44995.98934224263,1,False
0.6224880832839673,26469.888673229845,1,False
0.36523367174422305,30519.425430173305,1,False
0.3810731311755588,27200.302727828763,1,False
0.5124242628445623,47254.60058246946,1,False
0.4952302627001731,33337.63791828556,1,False
0.5930907718501074,60451.20952609722,1,False
0.6201625673329241,76091.73990893606,1,False
0.3438186601103925,51160.140811454985,1,False
0.5101698187809969,43067.101536166934,1,False
0.3822377570118254,60062.10122914122,1,False
0.42355865931860776,85319.18791044125,1,False
0.6993605714153316,78136.12875401114,1,False
0.5208663910944422,94141.67374434732,1,False
0.546639785398936,72689.25083796275,1,False
0.5010524068646333,39308.22577267942,1,False
0.5066163012264787,34497.31860495963,1,False
0.454860247897755,61779.60211609924,1,False
0.555660767799072,69533.65760555679,1,False
0.6717501058058909,55761.88677449488,1,False
0.3538433892707341,40445.30301377938,1,False
0.4028794070697749,47268.87254758795,1,False
0.4318574136382175,36892.80414185182,1,False
0.48481449586114866,6289.627010547607,1,False
0.3624673842564661,20935.39486635366,1,False
0.6616293487736069,60387.059402853105,1,False
0.36306608163554116,53578.059917023675,1,False
0.6324127267840964,65529.48011575443,1,False
0.581769322589052,53835.57023075137,1,False
0.5760668846875654,44440.8733497038,1,False
0.4730261376290082,43787.73318029567,1,False
0.3785629997037219,39013.42966794921,1,False
0.25811256766364143,74183.83441826835,1,False
0.6651470946446999,60107.78094557461,1,False
0.3545808586294297,45151.98220703533,1,False
0.46500816820021756,50853.81403778982,1,False
0.621914069362851,35273.34250144717,1,False
0.5343059339684368,35313.860546665615,1,False
0.3663013989038729,46273.738422562354,1,False
0.5220537247840651,48080.886104944366,1,False
0.4487688011508845,50859.498792127364,1,False
0.3496578656757722,39903.841804488984,1,False
0.4606757042629245,37144.06783985524,1,False
0.2570506924576198,18577.42312390877,1,False
0.5260807407173492,47067.19135891536,1,False
0.3227835569737311,44370.7155027384,1,False
0.4022095706482091,38710.89940249681,1,False
0.4194487823871407,76513.98306576992,1,False
0.6181998449512389,31783.892306898637,1,False
0.4734374658018714,53888.73430056171,1,False
0.35228934522314004,50235.757673678214,1,False
0.5311619531259091,50660.02224511498,1,False
0.5186822782948051,18774.79934905341,1,False
0.40080526036671515,48488.99571803719,1,False
0.647856153320908,41361.14062899771,1,False
0.45755469909221347,56672.96986027829,1,False
0.5791651579623083,28014.72020620103,1,False
0.5222617735107118,36342.83838032812,1,False
0.7104195615012252,56881.15545185519,1,False
0.43717226996234937,59372.84836165896,1,False
0.7146229507891607,46283.06628781952,1,False
0.5826508197790514,27408.021888466115,1,False
0.6848557351823937,42731.08473940518,1,False
0.41470516193015683,53421.058902117904,1,False
0.4663966371739055,46951.58272454957,1,False
0.3599549543090269,44369.80350978366,1,False
0.5487676092116548,55671.34939821042,1,False
0.5679895477166929,42486.041153923536,1,False
0.46153506484947265,65066.19931675685,1,False
0.46344236271621597,54409.11313948056,1,False
0.3303686078357953,62120.014070682766,1,False
0.44130854397856495,34033.463078054156,1,False
0.47492753553073536,71297.56984094779,1,False
0.6219852544803206,56557.39264341691,1,False
0.5279718603050704,52682.199737924486,1,False
0.558594485013012,59588.63364419562,1,False
0.7162209268759854,52012.92738817634,1,False
0.378167817424098,56084.20599059863,1,False
0.3491898185724333,65822.55044595599,1,False
0.3187383415183771,46572.65233202691,1,False
0.4865323139577865,30717.149579938694,1,False
0.38101105468430185,82120.53343650558,1,False
0.6629075330566083,53336.20147065339,1,False
0.5029280853624952,69010.21692299994,1,False
0.6922018380919757,44753.95646301943,1,False
0.5999710708325008,77339.63934575468,1,False
0.7420674715361106,51935.84745111187,1,False
0.44717961617370133,56691.827326676066,1,False
0.663584347673388,46518.00840530795,1,False
0.4354826256669697,65163.81881870543,1,False
0.5331707659824502,42897.001437743864,1,False
0.32403981642222496,75288.97623612883,1,False
0.3325862077747307,36706.41496504017,1,False
0.4626270299885824,51362.739406989785,1,False
0.5901761723317228,77100.88963483626,1,False
0.3206243805832161,48497.98484012014,1,False
0.5080474448746922,47408.11358559331,1,False
0.5757727389088048,89188.08474506927,1,False
0.40820252404317886,56603.85331601014,1,False
0.4771042262440627,48781.90697453263,1,False
0.6258059348464151,63876.14074254989,1,False
0.35360624220181786,49190.665592934376,1,False
0.6655177652961057,30853.317830320317,1,False
0.4657965962291377,70294.28045914919,1,False
0.4526606492504191,51344.391959169625,1,False
0.27879514095930347,43065.935452391925,1,False
0.4742081958064431,73536.11597532185,1,False
0.43671234748271537,50364.299368769534,1,False
0.43701184319469366,56609.62210015532,1,False
0.35973065153912087,52825.61834353621,1,False
0.4193118758574905,23195.448215166703,1,False
0.5706711210039476,36739.03330943126,1,False
0.4616028513132877,30130.31439580092,1,False
0.4523492175647366,64995.98645372069,1,False
0.6318508243938192,17676.382078808154,1,False
0.7263352038615507,79127.98067842709,1,False
0.736238832667341,32459.540752715897,1,False
0.4140249269912236,88864.55520756863,1,False
0.3798747665345092,47900.433871117435,1,False
0.3555852041340869,23944.894501964533,1,False
0.45660608540407316,31552.384146733093,1,False
0.416841003529362,25975.711607280075,1,False
0.4218391289840099,38297.562550336515,1,False
0.6751972205955512,37473.887177482364,1,False
0.3977866504896592,34174.760806353894,1,False
0.3973550176024665,52.07986306337989,1,False
0.3894680805341548,69923.64767073623,1,False
0.3504507464917175,43332.42824369417,1,False
0.29395753132329716,40220.25875927757,1,False
0.35003496797650885,48093.376178561564,1,False
0.44589254945777856,70990.01006916128,1,False
0.5680013088591098,54813.409034523625,1,False
0.4991208619349927,65876.27375316322,1,False
0.5436335778436596,61393.45374875435,1,False
0.8227078244350662,47225.50001798478,1,False
0.5367181836264382,54066.95508238057,1,False
0.43804521557478404,32425.323903288176,1,False
0.4386219168157774,55125.75213027917,1,False
0.48520856910382726,44887.444247540494,1,False
0.5640676444433769,44047.87412683698,1,False
0.5575163000431297,54894.46919493062,1,False
0.45053783357092564,47021.85539996322,1,False
0.6442010993615758,65267.16586954027,1,False
0.2531079463495445,74528.07657494915,1,False
0.5809552415464607,27163.884636767965,1,False
0.5026011504833161,59623.74555533776,1,False
0.7121292690807647,39095.1444911465,1,False
0.5716374928982567,64308.176342645165,1,False
0.5279676087689987,42230.72602315906,1,False
0.5409956685895939,67655.02865154648,1,False
0.5889128051857118,15680.050025864373,1,False
0.6394686188519993,25683.506372731048,1,False
0.5108584167674101,30127.620319166337,1,False
0.5581365270713377,49062.84157039435,1,False
0.49872560622034984,43564.476339101355,1,False
0.5556411119645397,63645.40118858625,1,False
0.6239754345842526,56690.74959741709,1,False
0.49240602676741846,23201.347738187676,1,False
0.5376034690835948,32940.182054738965,1,False
0.7056467740802452,14597.19302710842,1,False
0.33733683276343296,48772.82754943659,1,False
0.5086530337182296,65369.73782928301,1,False
0.5947535711109083,57049.68943663852,1,False
0.4987700168254347,69569.32470507296,1,False
0.4407419228056523,58415.20390515599,1,False
0.4472078133314746,71607.90243945448,1,False
0.3783906803535413,27694.080834843397,1,False
0.41863313149979414,53415.564462822265,1,False
0.512875756013972,56212.12319844481,1,False
0.41837911979033343,46650.902965294066,1,False
0.5255818435192707,42978.23512979511,1,False
0.5633846689491839,30390.024740802306,1,False
0.7054965579415486,60468.16212073705,1,False
0.5417711113056226,89079.41589753884,1,False
0.5511002775594462,40551.85768046786,1,False
0.7351953454996516,45230.27095214878,1,False
0.5344810748523098,42526.01166478067,1,False
0.6095776990312872,75541.18506563666,1,False
0.4580286689021025,60519.96333234944,1,False
0.6540686230487116,53391.671802790624,1,False
0.6133465807947246,13779.411010319891,1,False
0.2753498513555918,24348.211350873848,1,False
0.4367956637958748,44345.63719012201,1,False
0.502820409173487,27385.175371393187,1,False
0.4031148109448224,62061.8768758788,1,False
0.31262961165822767,50572.75493910683,1,False
0.3541190815204882,63471.32449615001,1,False
0.5061337095956372,55185.11780210221,1,False
0.47108343922343066,37056.70294272434,1,False
0.47448046135671584,102521.37112630306,1,False
0.5642520409448455,42401.45541085358,1,False
0.3804642031222848,58150.553847938405,1,False
0.47080556319913636,72342.47285834074,1,False
0.47748588015579146,63792.28342978145,1,False
0.4500375479634481,63050.389220273864,1,False
0.33841099760742244,65849.08447400157,1,False
0.2925199247824686,46584.24121728164,1,False
0.45886732345415127,24000.222349369225,1,False
0.3338582926171556,68502.69748082571,1,False
0.4995494214970267,60457.962026542744,1,False
0.5129399656879631,26931.362237942267,1,False
0.5305509523658888,56956.32040664788,1,False
0.7569374689500898,37515.57045642926,1,False
0.5688892597219195,71557.71871660867,1,False
0.3941216228917927,49380.273143004546,1,False
0.6484196612148283,48044.04203216841,1,False
0.5028886664741272,25437.84026085407,1,False
0.533773374313881,29471.884461175214,1,False
0.4568240817218098,71361.9602874589,1,False
0.3436927161441659,57555.65896781314,1,False
0.6285366142575317,57418.841998898846,1,False
0.5649656937872003,89041.0957589102,1,False
0.593703726403889,69601.79966890957,1,False
0.5635788816269138,29432.898869554832,1,False
0.4885290704633631,51621.231731336506,1,False
0.4167923979725671,39529.07838256145,1,False
0.2869200492848214,37597.8865093256,1,False
0.3574098455142176,16830.16581326726,1,False
0.24283628828689263,58353.10367174159,1,False
0.31122266269069754,58514.98587693567,1,False
0.5318047605607809,57248.40698162494,1,False
0.4198711696754282,43074.63946491536,1,False
0.4980627231155827,51055.10289249763,1,False
0.6949588553464564,8721.799625203137,1,False
0.608849481925933,54880.60082546387,1,False
0.5221881720337717,34539.26762686495,1,False
0.45917444581895267,68607.6308669167,1,False
0.3516692561176519,36452.36175362994,1,False
0.38030533199049066,20162.04841485854,1,False
0.545302756532533,55572.30122765736,1,False
0.5883822320516493,52682.706545120585,1,False
0.45742563177353524,49628.680348414506,1,False
0.4359641719136895,78128.21638685184,1,False
0.5561967934883645,51881.92237695751,1,False
0.41126291554798977,50134.38826712721,1,False
0.5354730227710759,62448.68851171085,1,False
0.6010915773313168,35267.51501880819,1,False
0.5530050200577641,50302.12585976378,1,False
0.6146719266633234,42089.4962633472,1,False
0.7373119558985161,77877.6386996512,1,False
0.4827296859514784,85116.80104132908,1,False
0.5965419325186079,35442.71521882874,1,False
0.6088297574032919,52346.9104812071,1,False
0.4113278749466632,49887.703020966284,1,False
0.33786930531711545,60686.58152675327,1,False
0.4984511093574467,54593.040721974176,1,False
0.4879961849295135,50120.00905479031,1,False
0.6911635524340954,40528.31451310382,1,False
0.6763544409597226,32888.32672051668,1,False
0.46500467374733406,56819.47273829862,1,False
0.5213436996221033,60184.4381992521,1,False
0.6442688724411696,30393.222410114966,1,False
0.622161574686637,83496.79261760999,1,False
0.46374999038241677,47028.45544715945,1,False
0.5798207203298303,57180.523616963605,1,False
0.7527299520554163,21942.86688141492,1,False
0.5566382035410447,50918.20472126245,1,False
0.5742580372201962,42540.68844080727,1,False
0.3977695353938534,36725.175588797036,1,False
0.6556347630660463,46442.369822359185,1,False
0.25538465533341803,21097.688713634343,1,False
0.5512355175628905,28605.294448611687,1,False
0.558368626990989,63922.65057447288,1,False
0.7367193211778174,42616.638595980934,1,False
0.4492692899832227,75244.29148975878,1,False
0.5070707491383648,43259.00240479945,1,False
0.4262227638943871,58397.245733942815,1,False
0.6368950969346557,73826.36591040445,1,False
0.5181619205826923,88606.3752438343,1,False
0.4546431988090611,34618.269843307644,1,False
0.5395401005685196,34382.2929655065,1,False
0.6338227807542419,72219.7755920774,1,False
0.6341285963077045,33906.4710972017,1,False
0.5081428463431406,42545.58550114227,1,False
0.49851911206449945,78134.62095048488,1,False
0.6337545409371264,51772.17199307632,1,False
0.5587564160474112,15008.997846675942,1,False
0.3806020698467404,78769.21902420357,1,False
0.42407235908392815,45928.45688086449,1,False
0.5914657647777122,37026.961927327415,1,False
0.681407371660429,64016.78242331733,1,False
0.39978281886997413,38063.14341226878,1,False
0.49258342375867564,20534.217665099288,1,False
0.2427457562044315,74180.6062385555,1,False
0.684395166721217,41680.396303212445,1,False
0.5352511590997041,62589.28582938148,1,False
0.3630619424012346,-7126.155360760473,1,False
0.3703709908983467,47996.4258534143,1,False
0.5443787127671603,41027.00891939826,1,False
0.5423488989066974,58040.736055147114,1,False
0.39546382527639734,70878.36067657905,1,False
0.4112474462142767,53297.68904239372,1,False
0.6217381115054754,73446.28822747676,1,False
0.31420112070086986,62643.010996450146,1,False
0.5272893499207711,46255.984892573884,1,False
0.4354028242189812,55276.33287935259,1,False
0.5788385258479029,49231.74718756142,1,False
0.4968828910407133,19391.21411253468,1,False
0.4835542866785973,39090.962223998766,1,False
0.539600909223534,40474.94041831151,1,False
0.4786748973864963,34051.90158661851,1,False
0.5461507636667357,60700.77295768798,1,False
0.5532264439108574,70459.66963644269,1,False
0.5201958885464104,103020.83744085356,1,False
0.48458961612481277,69557.32907601183,1,False
0.32455141727378434,37254.643255911906,1,False
0.6222652389277148,54318.64977358298,1,False
0.6021245636167838,38846.7640142897,1,False
0.5674265491631956,23025.17441095651,1,False
0.35768257098815104,91897.76315878404,1,False
0.38682491035456823,48116.60580631785,1,False
0.5640948984501328,79179.99075784665,1,False
0.39612213759387016,33585.84025733016,1,False
0.6149003053635256,21969.16823281259,1,False
0.22668594880876047,91087.93141817716,1,False
0.5475744125512452,53892.111645427736,1,False
0.4936680631773915,67127.31267141642,1,False
0.6280914673073217,48386.426163435506,1,False
0.39756941932274215,61779.637572124324,1,False
0.4863323245706935,63554.63182733477,1,False
0.39365615920610153,45786.79519578242,1,False
0.36281169407822256,34229.48452428641,1,False
0.5685169255566345,22727.188941730867,1,False
0.5566761410870847,33830.08849087046,1,False
0.4281642566828471,60105.316462397896,1,False
0.469320764296866,56295.503503549095,1,False
0.5174580007750373,56560.87353005886,1,False
0.3517729762578028,90829.63374121283,1,False
0.4742585265032907,17498.098051495217,1,False
0.5428816554312628,56467.89056017386,1,False
0.7145267437173698,52153.69811577037,1,False
0.5452835374553094,51311.1593182637,1,False
0.5299179582852972,67384.49337348802,1,False
0.6788064800140834,74673.19399237308,1,False
0.42088299516009625,48871.43965620016,1,False
0.5822980087901949,50213.722718084195,1,False
0.35625094986059036,66860.92601639907,1,False
0.5625259223718859,38446.11345875976,1,False
0.35025976684171056,29272.60397601109,1,False
0.3401775998351145,63565.85577019162,1,False
0.4400326252539344,57606.04970579488,1,False
0.6764861974995228,34231.713632281564,1,False
0.43798063224679545,72074.58965040691,1,False
0.5787142648269943,58120.94485109177,1,False
0.6572455125869026,15744.570763904288,1,False
0.6133250580228294,39511.09312079802,1,False
0.5619631898794987,55110.07601468224,1,False
0.5628486279228857,68495.50760629738,1,False
0.6442647510844485,71042.48448884953,1,False
0.46030891164864146,80205.43419566331,1,False
0.482560129917337,16384.311309554476,1,False
0.5841058826780399,34586.12185138313,1,False
0.35043916083985727,95755.93476147609,1,False
0.49665830889230944,67345.92958123975,1,False
0.6563534891702313,63073.38927998359,1,False
0.32914608162105385,33325.79171364743,1,False
0.5540788894187105,54817.059124775886,1,False
0.3971497212175218,43798.47989459673,1,False
0.5095608482040638,76727.71322715012,1,False
0.3011486370565228,61631.00591406449,1,False
0.5255944269698435,29822.653727804372,1,False
0.4990956041435649,33889.90912555481,1,False
0.43595187078489356,43702.72909302762,1,False
0.5722263021753438,51732.90801773509,1,False
0.37384879031404383,31750.945701349465,1,False
0.3380060767016698,38673.08483216173,1,False
0.43809735911684566,99362.9371611131,1,False
0.4283725625318958,34472.98684680007,1,False
0.5631607181031106,41681.122125904905,1,False
0.4966832893740839,88750.57963822171,1,False
0.44587313091052827,45795.47141958193,1,False
0.27039040546301807,47640.00318421144,1,False
0.47329302742767726,63571.67553548597,1,False
0.7423195458187757,33891.56062143653,1,False
0.5344274458256615,47858.235748187224,1,False
0.35395984560022886,34948.0717481732,1,False
0.1958959212782614,78522.56883115222,1,False
0.6963306508293745,45698.60186971265,1,False
0.6042789242683985,30795.332880446265,1,False
0.5128818502057013,25274.150656348138,1,False
0.4423073886173075,64996.37450508819,1,False
0.5073093279974809,59609.17950550081,1,False
0.40692379733589057,33697.05903045308,1,False
0.5141793308406861,37644.64380115239,1,False
0.395473305701891,41690.43648478786,1,False
0.5738221742102483,38736.09806342646,1,False
0.5696481639602109,65477.541672420746,1,False
0.6934817492734798,78536.48696943694,1,False
0.33930466695158545,52422.957919377666,1,False
0.43002392312264714,32973.43547860869,1,False
0.586323182584187,38775.529798985044,1,False
0.6961993834799516,61894.038254487474,1,False
0.42119606550562244,24408.09057614948,1,False
0.5287410404916835,32583.4499711468,1,False
0.4467260314833958,27009.20243575079,1,False
0.4960069438160727,55156.13818976145,1,False
0.5641204622524412,45587.403072642,1,False
0.5245911508563814,62552.89934620812,1,False
0.4429617340415727,53544.111392904466,1,False
0.4119773272163498,65381.32210743974,1,False
0.5206359459222809,28467.001155005248,1,False
0.6251186009868288,55602.45478104472,1,False
0.5614819969848955,75390.93992195082,1,False
0.4286495925574471,59643.12964374012,1,False
0.662937681014421,42426.884971857595,1,False
0.5532065138598353,32932.78244426494,1,False
1.131675911497204,86374.91605046466,2,False
0.9100997685079495,109926.31861489886,2,False
0.8005375532007394,108302.42766584101,2,False
0.9469129851220176,83202.51520263811,2,False
0.8795628787128178,66834.53989731536,2,False
0.916319273335044,87088.3722299062,2,False
0.6964665890030234,63154.826300406814,2,False
0.8107354389709369,79431.53332685807,2,False
0.7521513835316712,60422.805120148536,2,False
0.891597177979049,54979.85007497568,2,False
1.0464589644786604,84625.4992288487,2,False
0.8168129758366521,92027.1150427043,2,False
0.832557213456643,62553.27415642029,2,False
0.8362143290944883,53732.68375339021,2,False
1.051199845038605,67241.2546693284,2,False
0.6891800656843374,81855.62979510566,2,False
1.00503101538147,92501.92439008952,2,False
0.954828252992688,82857.60886825755,2,False
0.6878992958942289,66768.15349878129,2,False
0.8731487935228419,64735.975823754314,2,False
0.9617101124968346,80254.93385956404,2,False
0.9130899913888624,60895.3732644587,2,False
0.7835040929383673,71564.23938083979,2,False
0.961927783874955,61932.23123256353,2,False
0.9029738642176693,100220.18062820926,2,False
0.7720501140863643,100559.43076340304,2,False
0.8540157040234613,88502.69534456018,2,False
0.9653760834074132,55745.795711475694,2,False
0.68054667612141,64279.098919285476,2,False
0.5427587325478962,68974.15172379065,2,False
0.7497009219097814,79720.3051204343,2,False
0.8622666813374682,64270.387426829875,2,False
1.0254542237893198,121385.15949842599,2,False
0.6003966210906103,120029.1682599633,2,False
0.7645002875193666,67446.10925313349,2,False
0.9049017635013866,56048.409321087674,2,False
0.7576066031824584,98966.00808832343,2,False
0.9817467792188244,109049.80409972288,2,False
0.9531613049663694,75684.69452894623,2,False
0.7788828432103099,64345.848693051536,2,False
0.9253622455940871,87955.1076241737,2,False
0.6947847952173548,94054.55680042043,2,False
0.8460395847328074,76590.00037757453,2,False
0.7691870513711625,114954.53942513157,2,False
0.8023111271351946,98527.35714361997,2,False
0.8187541274699259,84144.2107901844,2,False
1.0118360518163205,62111.624027110855,2,False
1.0307544625853549,115912.50038313196,2,False
0.557772843095805,88125.70414444506,2,False
0.9823752636341505,84760.21263511921,2,False
0.8962210093158519,91504.92521186588,2,False
0.9052910052132433,77456.77416383929,2,False
0.9605205629202542,88703.05689447845,2,False
0.6855858493354434,71010.91100782136,2,False
0.9354704328886778,77216.47229774535,2,False
0.7767661656560405,86929.05339232061,2,False
0.7257057394257801,97528.16102427355,2,False
0.6175116183963241,83640.4328659144,2,False
0.7691903044895084,103462.83711605662,2,False
0.8930618364363175,65756.97372144184,2,False
0.7693657439444594,86443.55615931527,2,False
0.925710466297152,80212.4953407042,2,False
0.8720326220592236,68874.86779388096,2,False
0.5463979713588843,81186.54465907044,2,False
0.7087672744576896,73827.13100540146,2,False
0.9501431803323406,70250.29984061085,2,False
0.8673582299929149,72489.7114194514,2,False
0.8606672845019908,64303.6822033511,2,False
0.8150789676167857,97934.97025553965,2,False
0.6782212838127164,93109.06972431418,2,False
0.899339667964534,110200.64583843309,2,False
0.625312561411371,25665.45991718959,2,False
0.559170692278554,69108.77188903786,2,False
0.8263434629267292,111252.04356108399,2,False
0.9747711342804234,61308.98604048515,2,False
0.5750410076128247,62233.44831894638,2,False
0.9484084706307687,66630.98471403655,2,False
0.743723582010451,93690.76282002662,2,False
0.5860291716398842,75726.94418830918,2,False
0.7479972856640753,112386.95822939042,2,False
0.8476034899807217,80703.66315217287,2,False
0.7751236612020234,45648.799571611205,2,False
1.0423425054480848,87689.12897410546,2,False
0.8414552354900168,81117.29028764147,2,False
0.8255447618540063,79384.13050686063,2,False
0.8834354293348008,96188.82786999713,2,False
0.7170006404012598,98419.74398487294,2,False
0.825985921982966,86867.27453153643,2,False
1.0567457888971261,96697.66341515993,2,False
0.8764773150694765,90836.57125566325,2,False
0.9114256541317105,106031.09415116435,2,False
0.9175207035656416,89292.29965254363,2,False
0.6073768052058679,86978.58131178081,2,False
0.9165910471155345,79727.91471412806,2,False
0.7890015802627723,82206.8564453664,2,False
0.9663622270079386,75780.84144062863,2,False
0.7779124429118527,63732.878110174046,2,False
0.7646632297793983,87302.65753743285,2,False
1.0408927120761438,74187.10902001736,2,False
0.8971031932393491,75604.48118110148,2,False
0.8236516362942546,78854.71275862059,2,False
0.7985100583793336,69476.68091639919,2,False
0.806144946601505,78069.48001752188,2,False
1.0895996924646605,96348.90049789034,2,False
0.7632250731184239,79042.96304685579,2,False
0.8916682160702811,106365.64657185816,2,False
0.7462965255153089,42475.50401641727,2,False
0.8317576993352019,82922.94455656741,2,False
0.9474562383163116,91513.2772309323,2,False
0.890010648251082,43327.034776947396,2,False
0.6531123268449791,114101.35001611905,2,False
0.9693941270638526,61130.58729189438,2,False
0.971514603810232,70181.94052529424,2,False
0.6760050211647471,103583.54093098009,2,False
0.7363092655244015,84196.71119582196,2,False
0.9479503531398027,77823.94641175886,2,False
0.9292218052859644,74744.90903674503,2,False
0.6212168294314061,86459.41413372025,2,False
0.742699423296796,90274.75915768012,2,False
0.7893672894583645,88177.37047742437,2,False
0.8613983027806791,84012.33341031182,2,False
0.8847872914825027,63152.48460130239,2,False
0.9032862051305233,84610.70603259682,2,False
0.6474726592146101,45772.19529214769,2,False
0.8562035299237838,95640.76650701757,2,False
0.8125012951597069,56045.32999397139,2,False
0.6581038447409904,75880.86868702345,2,False
0.9003097545582981,92733.48539285727,2,False
0.7691688273307045,89542.44833398171,2,False
0.875591958949253,72948.97076036801,2,False
0.6631561815348017,90041.0524276239,2,False
0.9191400453958604,84547.32363623595,2,False
1.066292237960706,77247.06082484283,2,False
0.8384027539946582,64398.08632834852,2,False
0.8969292717017802,85744.10644678265,2,False
0.789790472291505,82054.97305989233,2,False
0.9860914898068079,76792.6917886381,2,False
0.8693629059408403,76461.3419002145,2,False
0.7269537534962695,95293.06333781204,2,False
0.8186415015951228,104357.2385745577,2,False
0.8425667420804517,92269.05981739516,2,False
0.6399212149419841,88425.72925530319,2,False
0.7641164127953509,67397.50418259267,2,False
0.7747814615914008,96061.97945749252,2,False
0.7931465324401425,90726.30328446472,2,False
0.9285667557458949,80755.10251730784,2,False
0.9613020377726755,83703.61563387798,2,False
0.8505803234091248,65216.56215025441,2,False
0.7987415552907615,95325.54319998194,2,False
0.8260296827647617,88498.02700415901,2,False
0.8716015636855441,70406.26509279289,2,False
0.8093923269434615,64923.18107620857,2,False
0.5389870178017344,91639.53595376677,2,False
0.8864644151673386,110592.57053164551,2,False
0.7416600175249447,67072.62519929002,2,False
0.8678921322464598,59908.86706964881,2,False
0.8283382341635417,86096.0558781816,2,False
0.8527208621033354,89739.68146666021,2,False
0.8142512094795289,64501.2468016805,2,False
0.8340348136145872,70159.57189907768,2,False
0.952187925308619,80200.41994199993,2,False
0.8655529537045411,51279.82256335226,2,False
0.8428860059254777,100481.5560068478,2,False
0.9405118536847891,51555.35811469931,2,False
0.7601456269761883,90556.75577174542,2,False
0.8343740333681084,59779.00760733661,2,False
0.813944786629548,101231.8320951479,2,False
0.6427265943045122,60228.72120254765,2,False
0.726444703725524,94490.20441704395,2,False
0.8023340601730724,108523.49294098621,2,False
0.9389686956886767,63712.419609254415,2,False
0.940266097738241,97458.64804324645,2,False
0.6281849999782211,86263.29433284864,2,False
0.7958789320710501,88369.51994657115,2,False
0.9201962413937219,87820.99605440254,2,False
1.0535187457966089,51886.31896141276,2,False
0.8048089307657992,85178.51075965322,2,False
0.8455568119043774,46529.091412590875,2,False
0.8783654055162361,75850.88492942201,2,False
0.8478888224409004,78773.24929386447,2,False
0.9764429660351632,81328.08170206968,2,False
0.6359949873143894,84080.71859179613,2,False
0.8332563632898101,65128.83565579243,2,False
0.9261485690575761,37517.39213979095,2,False
0.7804002624465722,81067.45925885193,2,False
0.6175104325612804,66170.61563108384,2,False
0.8660449422425488,62554.35874885284,2,False
0.9137521896595919,65764.13151800299,2,False
0.7587954804765442,71578.03121782739,2,False
0.8353444627648415,54218.259656228845,2,False
0.9298560598943016,92870.74189672481,2,False
0.7613116875511238,80809.3793450366,2,False
0.7545203508247722,99684.79039203079,2,False
0.8809412719489754,65474.19492330319,2,False
0.9846068026074135,51229.657563576635,2,False
0.925858199065617,47805.59431203009,2,False
0.8563279018170173,80642.14041249722,2,False
0.7947263898443349,117931.59622438694,2,False
0.8691875226755739,66698.13706072146,2,False
1.0258667538419837,93105.97303143908,2,False
0.8169303076289653,113626.83172453902,2,False
0.67550797626308,87136.5863186974,2,False
0.8296883877483219,87466.7532015719,2,False
0.7671883482989463,114165.55569480095,2,False
0.8829917505083816,84545.38359475268,2,False
0.6716516685130205,106309.91048997256,2,False
0.8300461299291402,51075.59352576305,2,False
0.6858840650911884,86362.83031879144,2,False
0.6020970709866262,108731.50452358786,2,False
1.0791511230916793,88030.86031805088,2,False
0.7504018800555863,96166.86025758024,2,False
0.8397720888883603,97141.40070107699,2,False
0.742437867037188,51071.176947974694,2,False
1.0423971487496182,87168.11468678598,2,False
0.7422827466431569,52655.308777396545,2,False
0.9434965485402065,79583.94987191417,2,False
0.9876520102910721,93135.02785406937,2,False
0.7691870900344222,77452.59442518704,2,False
0.799909888822908,90274.82086072816,2,False
0.816155840625057,51260.924734157015,2,False
0.6742879122309711,68323.55209367658,2,False
1.0250502473881609,72634.56109509793,2,False
0.8551225972828734,65835.04342641894,2,False
0.7475495854392397,101762.46462577413,2,False
0.8325719663653034,111164.76299372783,2,False
0.7938456026581616,92500.44173101409,2,False
0.8783291246660079,62616.55709053019,2,False
1.0085228145804346,84177.85643544918,2,False
1.0411469578193533,74578.27518276394,2,False
0.8531782633942463,138041.51256987674,2,False
0.9211436462673848,81811.09881647927,2,False
0.7089296602855242,101692.02044390688,2,False
0.8294704164077443,68540.97676345838,2,False
0.7327807100604746,83313.33851008321,2,False
0.9579684811246602,101807.02047522538,2,False
0.726352126599726,99214.0291554298,2,False
0.938989880753368,83612.18547124663,2,False
0.9497774670500728,81479.11534425651,2,False
0.8593900463759869,72436.5406368534,2,False
0.7785540213611768,66656.21682739115,2,False
0.9485194728548052,68902.258945536,2,False
0.6504561762279547,63108.80598271583,2,False
0.8909620788006549,80306.33328648267,2,False
0.7874276434841804,94489.71407046347,2,False
1.1968174667983136,82152.38894611955,2,False
1.044507391934062,65726.46127672652,2,False
0.881710607954473,66404.97507090212,2,False
0.7674489115218507,79026.06251747264,2,False
0.9406666242482504,63392.25513847713,2,False
0.8879448106936113,88020.18741850885,2,False
0.6962343425721399,91873.4031189598,2,False
0.8459843406704907,94919.83177847687,2,False
0.7181920181836162,60402.71154808174,2,False
0.9454645042902167,76801.8132400969,2,False
0.8167158248423785,87528.19941677577,2,False
0.8789844395105355,43818.630689038575,2,False
0.7914783134879109,85252.07842474594,2,False
0.8516446843097594,81649.47516530675,2,False
0.9149078338743141,121023.85226266144,2,False
0.7808784120276979,100078.39828392367,2,False
0.8474888835732575,76428.9480092946,2,False
0.856300631470039,47698.020221631974,2,False
0.8754854153517886,95292.82247916967,2,False
0.7003096004372616,93182.03949669693,2,False
0.732684123163345,76707.45773995512,2,False
0.881867814571381,90542.59117890318,2,False
0.9234436500482233,95294.26595410143,2,False
0.9591065331048592,91603.09623752789,2,False
0.7638182217899521,64375.958738209854,2,False
0.6742812220252178,80031.7208620912,2,False
0.9151290089769539,84797.74778495448,2,False
0.8522881387792706,84147.70116602941,2,False
0.7707848157238544,98168.71635537986,2,False
0.8850909163528113,92227.04330486973,2,False
0.8044090691790564,68896.50869863837,2,False
0.9902028433077661,109506.91738701057,2,False
0.8249041504894524,67921.89624370351,2,False
0.9199987480293064,72424.23636963665,2,False
0.9891809542248061,63053.056762135966,2,False
0.9967184026286375,103120.14474024223,2,False
0.8836169482380258,64680.99716118148,2,False
0.8353827141041107,104174.30733392938,2,False
0.7178854946259466,50812.92967148118,2,False
1.0299231554887571,70299.06080660151,2,False
0.9339433330537582,113443.00819369164,2,False
0.8742351914000007,95995.4158852323,2,False
0.7127900237262572,100989.29512606075,2,False
0.9686895577479026,88307.27342464283,2,False
0.9343172088763179,48692.755162636175,2,False
0.8288103678409336,50693.98929577858,2,False
0.8880861791094966,71406.14773454066,2,False
1.1038709040742063,92127.35307145656,2,False
0.8403700500898755,82223.29750336769,2,False
0.8563313055485745,79110.98423925233,2,False
0.9397031479501137,120343.89575949898,2,False
0.8936459048118556,87490.36513569084,2,False
0.7387184407016841,56846.06758132082,2,False
0.9166543580932921,79056.33881973481,2,False
0.9484916813741623,91363.06806179397,2,False
0.8854276179668239,68262.06200188524,2,False
1.0309495792254013,74066.17370963618,2,False
0.8325373854310922,54408.1985466982,2,False
0.8312222962333152,118204.94134292018,2,False
0.9491437808342662,43640.77832826166,2,False
0.6933874156927398,96899.65334434473,2,False
0.9081123751066357,83941.40328832828,2,False
0.7786182519315652,52361.836066718184,2,False
1.0955748979013498,74459.53418449237,2,False
0.7369962296298241,67426.10079454945,2,False
0.6555952342629496,81768.9142848082,2,False
0.7965031945695877,94790.74702233195,2,False
0.8049943699602442,72116.61118268198,2,False
0.8403130437010928,84621.74479240408,2,False
0.674366301202823,39603.466594494734,2,False
1.0459068739105122,92487.74988468284,2,False
0.8977930837598804,111550.9188108691,2,False
0.8607092428269577,87023.7837513425,2,False
1.025891390093138,65385.873561282286,2,False
0.8919436141268642,58852.427611481624,2,False
1.0820043777439305,104896.60106640229,2,False
0.6327641148897375,29840.358233053877,2,False
1.082159932537717,60174.92492827642,2,False
1.1271248468939712,101966.48791641391,2,False
0.9433214803348715,108841.24967831452,2,False
0.889379239365437,76645.49736321688,2,False
0.8652649458566393,64980.77990564292,2,False
0.9306155111576337,83272.02345822401,2,False
1.0011626986411717,91586.09184080285,2,False
0.9732086446799639,42168.19401246684,2,False
0.910082791865013,96283.15643789692,2,False
0.8638817727570199,91035.0541674351,2,False
0.8467655340694783,69520.01283289166,2,False
0.5603981943334333,122187.66557633477,2,False
0.9572509341844809,48926.96716983107,2,False
0.9741457301902396,47760.30676203963,2,False
0.8496658948285717,81471.81701270974,2,False
0.9218096917372642,77811.67870328395,2,False
0.9801994805197611,121160.70733371422,2,False
0.7775966330625944,90516.97037937984,2,False
0.7722757571073829,84787.66652359108,2,False
1.0775617566714701,81802.00632462907,2,False
0.7174350478219513,94189.38458640024,2,False
0.8402210528951672,92426.45652486273,2,False
0.7947315483402699,45423.25916034815,2,False
0.6919699178100633,79446.71094308399,2,False
0.6797479165822092,50523.47819309325,2,False
0.6920985482411418,81193.60218473904,2,False
0.8982306765088011,90209.34046923851,2,False
0.5700596718382895,86511.56646213582,2,False
0.6618640831302115,90198.9931886291,2,False
0.6803529413826965,56090.433576555384,2,False
1.0109804362025532,113280.40334502235,2,False
0.7648639132784376,63241.089231578604,2,False
0.8409705047038311,91119.13282006994,2,False
0.9714694035680401,101380.78665357843,2,False
0.9183891131150888,50465.99139791196,2,False
0.8876307752080281,81573.03345690077,2,False
0.686223590614151,68782.11339572072,2,False
0.9748089278421785,82643.85329684315,2,False
0.8443320123493707,82602.3086505944,2,False
0.9181626300673595,51904.84454054689,2,False
0.819193708798437,97163.91550146221,2,False
0.9086692817480405,53609.44561263093,2,False
0.9205820959419363,64656.23794600132,2,False
1.1461625347895257,84921.21844433881,2,False
0.8168133040025347,45881.05786177697,2,False
0.7176073228141093,95004.20890367452,2,False
0.7393662585109063,111419.99895691607,2,False
0.6206383721540952,78775.7914255919,2,False
0.842710411590207,68635.55800457837,2,False
0.8212778565439804,91067.41078114754,2,False
0.8933154541264315,95278.62164537254,2,False
0.6286699868592407,62265.29404013722,2,False
1.040578105030611,79453.60874120992,2,False
1.0661404436523432,75754.32497019293,2,False
0.6938414595944334,67893.50399332789,2,False
0.8144179045928516,58800.52594074722,2,False
1.0750497797090204,68357.72562202948,2,False
0.8036568913020469,99414.15711290752,2,False
0.7969324689694091,81803.45674184007,2,False
0.8039863572046447,51678.97380727036,2,False
0.9111882900327785,78736.50443994034,2,False
0.8616878863177315,84523.61784719174,2,False
0.9581232403994577,89660.5450886848,2,False
1.0284104844894093,57835.9095984222,2,False
0.9109503326795589,66866.31808254182,2,False
1.0111996149125038,68568.7080814035,2,False
0.8572994780164271,65741.2647116232,2,False
1.1346150356164502,73430.46815155211,2,False
0.9053271886769534,93976.62252162008,2,False
0.7550796987727637,77844.94749042412,2,False
0.8919440364904682,68017.88586506876,2,False
1.057086506750288,62496.385440949816,2,False
0.8578023836091692,51308.36449087446,2,False
0.8095620500806158,57432.24203267343,2,False
1.031567789534534,87240.72333695977,2,False
0.7543021771191323,108707.1345426809,2,False
0.8993968742683982,97844.26414578945,2,False
0.7001170576123207,90330.31955835652,2,False
0.8985758569155448,85541.72289263103,2,False
1.208236017208251,49899.87344370239,2,False
0.8065587054692388,118760.61406343742,2,False
1.0022787960085964,81900.57370633079,2,False
0.8603356761974538,83340.67860417659,2,False
0.7680049461094739,94839.7901449633,2,False
0.815057993172977,70632.47633075395,2,False
0.7822467305350991,87242.32926498534,2,False
0.7808323180631942,74591.45499396411,2,False
0.6514381783046819,62718.02735526,2,False
0.9292432685982003,95779.28897719581,2,False
1.0416515118104985,79884.52126819229,2,False
0.6269799243450617,93577.88962281945,2,False
0.954845564089453,76698.94857040209,2,False
0.87078790381972,76296.64556529866,2,False
0.8757727526501461,84217.19515062004,2,False
0.834285770479875,61506.00870452037,2,False
0.8434572771703313,85789.00224778525,2,False
0.8440757350862012,88575.41191947374,2,False
0.9843873498657908,91327.20824920242,2,False
0.8220276299508892,85558.0726186498,2,False
0.8167012891794524,105023.83674820456,2,False
0.6918895631275815,53087.19748110298,2,False
1.065250440213822,83088.56866381789,2,False
0.7091290137436248,59788.189842367225,2,False
1.1565922487633726,61686.210664903025,2,False
0.6552117226049882,108868.05392249684,2,False
0.903068706644893,40909.118556881214,2,False
0.853965506260461,95696.79179240932,2,False
0.7189324116398063,108014.41203909983,2,False
0.9115843168249922,112915.58434094276,2,False
0.8334495342437904,71375.60681664856,2,False
0.7793345086737931,77535.67208694409,2,False
1.1117678573708796,87617.71134746462,2,False
0.7766939376077164,74098.04656060482,2,False
0.7807213275712082,80303.25372731546,2,False
0.7175235187641618,99890.74181383853,2,False
1.1480710051690273,107427.36482781245,2,False
0.6812822862137918,58109.965224689804,2,False
1.003576570978671,10054.180418026503,2,False
0.8715869338107011,98574.07777574463,2,False
0.8089580939236625,90792.2074145833,2,False
0.7342902482494493,64730.51844976674,2,False
0.8319959223198039,89303.80620161214,2,False
0.9072976196374541,73198.44842375522,2,False
1.0420054718707306,82116.66018519542,2,False
0.7231259730400053,80233.65280905436,2,False
0.8402020115448141,80882.61445903115,2,False
0.6614494359399123,76440.33064115801,2,False
0.8201928120116273,50087.11592081159,2,False
0.8917708629631641,114019.88414112641,2,False
0.705900312091716,57833.91426706161,2,False
0.6755455784993365,64356.89829682237,2,False
0.7960100893287951,77838.46881777214,2,False
0.8433226030789028,95877.77468169617,2,False
1.02689230324542,77051.07237012133,2,False
1.0168985642290542,80602.16212645457,2,False
0.8290269627199539,79379.93852040028,2,False
0.8004068042758795,96804.86260436653,2,False
0.9262334372871641,80974.42295805707,2,False
0.7278265627607309,89463.189705116,2,False
0.9856418247465151,126427.0619135469,2,False
0.969217101324355,40305.688370754746,2,False
1.053348314685718,87933.98094763825,2,False
0.9608811896070719,76476.00433259537,2,False
0.8627321518536661,42471.93989219918,2,False
0.93768382551045,88435.1791425444,2,False
0.9969714735246329,92299.47038605191,2,False
0.941398962770586,104552.9786973898,2,False
1.0722686205613567,93236.20100885944,2,False
0.5904578833393694,99527.60802963268,2,False
1.047120647193155,79357.47404452435,2,False
0.7373301103304803,88756.72032279012,2,False
0.7546783892152485,84587.34514534843,2,False
0.6894338207436215,93860.47509415161,2,False
0.7741254434682555,82325.74189124274,2,False
0.7035357782551683,83120.58292801835,2,False
0.9551755445736344,90878.85244792997,2,False
0.7391732597893567,83620.17907561468,2,False
0.7021894213548225,81353.32146381742,2,False
0.827864961739006,52921.823508855116,2,False
0.6626035773905281,93868.6240341561,2,False
0.8137226134100546,113386.63337803024,2,False
0.7759017879183254,57933.538510283426,2,False
0.6588762659233934,55736.96998759573,2,False
0.9663886865369928,61919.821861529344,2,False
0.6996668479006234,58410.22763337091,2,False
0.9313879171620116,87444.67682042875,2,False
0.9288346246386692,97508.30074655502,2,False
1.0922103406039685,77378.92603901005,2,False
0.8684384008755308,66948.46230762237,2,False
0.8854569893619416,88283.24525517723,2,False
0.8838881569498727,100381.07517423683,2,False
0.8539393057269777,88040.80101414477,2,False
0.8062346868832717,74087.07881417563,2,False
0.739611192850909,79997.24327318845,2,False
0.7767746344737775,79975.72481309652,2,False
0.9814425671069584,87203.77691007458,2,False
0.7673655793127981,58748.41131441691,2,False
0.7473063034608695,80320.92065443251,2,False
0.8992645829426683,76173.20867994393,2,False
0.8999976423357605,-61001.9988619937,1,True
0.03389376814751344,-25034.787124369643,0,True
0.6687668324660987,74817.70589852278,0,True
-0.6057199681437078,207690.09093387355,2,True
-0.611984859381421,18607.627174294656,2,True
-0.28719221875791867,49191.53347269594,1,True
-0.33503265146990974,-95845.86215467434,0,True
0.5432164438499263,-62472.02326512286,1,True
-0.42640700191941,93080.0378687183,0,True
0.9356733699278388,75327.91981804546,0,True
0.02841330838315126,209006.82177594496,2,True
-0.2948268093862938,42303.74733742146,0,True
1.1784846709981278,110390.15073367846,0,True
-0.7436314245887262,230725.3649660371,2,True
1.5859654514880923,158976.92216281084,1,True
-0.7279153047068425,76668.99081836882,1,True
-0.19783349313183562,200631.7883576468,2,True
0.7159492397927538,185586.46055467305,2,True
-0.10224795749441007,-42323.433623891215,1,True
0.47699421790061813,165194.0423351681,1,True
1.3755071430144754,-7696.7534149867715,1,True
-0.3461183202575577,234382.6144784105,0,True
0.6080738724491763,141511.644340941,0,True
0.24795932081183913,138330.52744660093,0,True
-0.24843349594575725,-54950.31697105315,1,True
0.10639247630396598,234309.66016941238,1,True
0.7727794950867739,48174.59879817313,1,True
1.3204930361880474,59336.42810837235,1,True
0.5744571230138882,237609.6131057834,1,True
1.317034978260622,192390.59978043142,1,True
